SQL> 
SQL> CL SCR

SQL> REM LOGICAL OPERATORS : NOT , AND , OR
SQL> 
SQL> REM CONDITION SYNTAX : OPERAND1 OPERATOR OPERAND2
SQL> 
SQL> REM NOT IS PLACED BEFORE CONDITION(S)
SQL> 
SQL> REM AND & OR ARE PLACED BETWEEN TWO CONDITIONS.
SQL> 
SQL> REM NOT IS USED TO REVERSE THE OUTPUT OF FOLLOWING CONDITION(S)
SQL> 
SQL> REM AND IS USED WHEN WE WANT TO PROCESS ROWS IF BOTH CONDITIONS RETURN TRUE.
SQL> 
SQL> REM OR IS USED WHEN WE WANT TO PROCESS ROWS IF AT LEAST ONE CONDITION RETURNS TRUE.
SQL> 
SQL> SELECT * FROM EXAM;

       RNO    ENGLISH      MATHS                                                                                                                                                                        
---------- ---------- ----------                                                                                                                                                                        
         1         30         70                                                                                                                                                                        
         2         70         20                                                                                                                                                                        
         3         30         10                                                                                                                                                                        
         4         60         70                                                                                                                                                                        

SQL> REM PASSING LEVEL : 33/100
SQL> 
SQL> REM DISPLAY THOSE WHO IS PASS IN ENGLISH SUBJECT.
SQL> 
SQL> SELECT * FROM EXAM WHERE ENGLISH >= 33;

       RNO    ENGLISH      MATHS                                                                                                                                                                        
---------- ---------- ----------                                                                                                                                                                        
         2         70         20                                                                                                                                                                        
         4         60         70                                                                                                                                                                        

SQL> REM DISPLAY THOSE WHO IS FAIL IN MATHS SUBJECT.
SQL> 
SQL> SELECT * FROM EXAM WHERE MATHS < 33;

       RNO    ENGLISH      MATHS                                                                                                                                                                        
---------- ---------- ----------                                                                                                                                                                        
         2         70         20                                                                                                                                                                        
         3         30         10                                                                                                                                                                        

SQL> REM DISPLAY THOSE WHO IS FAIL IN ENGLISH SUBJECT.
SQL> 
SQL> SELECT * FROM EXAM WHERE NOT ENGLISH >= 33;

       RNO    ENGLISH      MATHS                                                                                                                                                                        
---------- ---------- ----------                                                                                                                                                                        
         1         30         70                                                                                                                                                                        
         3         30         10                                                                                                                                                                        

SQL> REM DISPLAY THOSE WHOSE RESULT IS PASS.
SQL> 
SQL> SELECT * FROM EXAM WHERE ENGLISH>=33 AND MATHS >= 33;

       RNO    ENGLISH      MATHS                                                                                                                                                                        
---------- ---------- ----------                                                                                                                                                                        
         4         60         70                                                                                                                                                                        

SQL> REM DISPLAY THOSE WHOSE RESULT IS FAIL.
SQL> 
SQL> REM WITHOUT USING 'NOT'
SQL> 
SQL> SELECT * FROM EXAM WHERE NOT (ENGLISH>=33 AND MATHS >= 33);

       RNO    ENGLISH      MATHS                                                                                                                                                                        
---------- ---------- ----------                                                                                                                                                                        
         1         30         70                                                                                                                                                                        
         2         70         20                                                                                                                                                                        
         3         30         10                                                                                                                                                                        

SQL> SELECT * FROM EXAM WHERE ENGLISH < 33 OR MATHS < 33;

       RNO    ENGLISH      MATHS                                                                                                                                                                        
---------- ---------- ----------                                                                                                                                                                        
         1         30         70                                                                                                                                                                        
         2         70         20                                                                                                                                                                        
         3         30         10                                                                                                                                                                        

SQL> REM DISPLAY THOSE WHO IS PASS IN ENGLISH AND FAIL IN MATHS
SQL> 
SQL> REM WITHOUT USING <
SQL> 
SQL> UPDATE EXAM SET ENGLISH = 33 WHERE RNO = 4;

1 row updated.

SQL> COMMIT;

Commit complete.

SQL> REM DISPLAY THOSE WHO IS PASS IN ENGLISH AND FAIL IN MATHS
SQL> 
SQL> SELECT * FROM EXAM WHERE ENGLISH>=33 AND MATHS < 33;

       RNO    ENGLISH      MATHS                                                                                                                                                                        
---------- ---------- ----------                                                                                                                                                                        
         2         70         20                                                                                                                                                                        

SQL> SELECT * FROM EXAM WHERE ENGLISH>=33 AND NOT MATHS >= 33;

       RNO    ENGLISH      MATHS                                                                                                                                                                        
---------- ---------- ----------                                                                                                                                                                        
         2         70         20                                                                                                                                                                        

SQL> SELECT * FROM EXAM WHERE ENGLISH>=33 AND NOT MATHS > 33;

       RNO    ENGLISH      MATHS                                                                                                                                                                        
---------- ---------- ----------                                                                                                                                                                        
         2         70         20                                                                                                                                                                        

SQL> REM DISPLAY THOSE WHO IS FAIL IN ENGLISH AND PASS IN MATHS
SQL> 
SQL> SELECT * FROM EXAM WHERE ENGLISH < 33 AND MATHS >= 33;

       RNO    ENGLISH      MATHS                                                                                                                                                                        
---------- ---------- ----------                                                                                                                                                                        
         1         30         70                                                                                                                                                                        

SQL> SELECT * FROM EXAM WHERE NOT ENGLISH >= 33 AND MATHS >= 33;

       RNO    ENGLISH      MATHS                                                                                                                                                                        
---------- ---------- ----------                                                                                                                                                                        
         1         30         70                                                                                                                                                                        

SQL> SELECT * FROM EXAM WHERE NOT ENGLISH > 33 AND MATHS >= 33;

       RNO    ENGLISH      MATHS                                                                                                                                                                        
---------- ---------- ----------                                                                                                                                                                        
         1         30         70                                                                                                                                                                        
         4         33         70                                                                                                                                                                        

SQL> SELECT FIRST_NAME , SALARY , JOB_ID FROM EMPLOYEES ORDER BY 2;

FIRST_NAME     SALARY JOB_ID                                                                                                                                                                            
---------- ---------- ----------                                                                                                                                                                        
Peter            2500 ST_CLERK                                                                                                                                                                          
Randall          2600 ST_CLERK                                                                                                                                                                          
Curtis           3100 ST_CLERK                                                                                                                                                                          
Trenna           3500 ST_CLERK                                                                                                                                                                          
Diana            4200 IT_PROG                                                                                                                                                                           
Jennifer         4400 AD_ASST                                                                                                                                                                           
Kevin            5800 ST_MAN                                                                                                                                                                            
Bruce            6000 IT_PROG                                                                                                                                                                           
Pat              6000 MK_REP                                                                                                                                                                            
Kimerely         7000 SA_REP                                                                                                                                                                            
William          8300 AC_ACCOUNT                                                                                                                                                                        
Jonathon         8600 SA_REP                                                                                                                                                                            
Alexander        9000 IT_PROG                                                                                                                                                                           
Eleni           10500 SA_MAN                                                                                                                                                                            
Ellen           11000 SA_REP                                                                                                                                                                            
Shelley         12000 AC_MGR                                                                                                                                                                            
Michael         13000 MK_MAN                                                                                                                                                                            
Neena           17000 AD_VP                                                                                                                                                                             
Lex             17000 AD_VP                                                                                                                                                                             
Steven          24000 AD_PRES                                                                                                                                                                           

20 rows selected.

SQL> SELECT FIRST_NAME , SALARY , JOB_ID FROM EMPLOYEES WHERE SALARY >= 10500 AND JOB_ID LIKE '%MAN' ORDER BY 2;

FIRST_NAME     SALARY JOB_ID                                                                                                                                                                            
---------- ---------- ----------                                                                                                                                                                        
Eleni           10500 SA_MAN                                                                                                                                                                            
Michael         13000 MK_MAN                                                                                                                                                                            

SQL> SELECT FIRST_NAME , SALARY , JOB_ID FROM EMPLOYEES ORDER BY 2;

FIRST_NAME     SALARY JOB_ID                                                                                                                                                                            
---------- ---------- ----------                                                                                                                                                                        
Peter            2500 ST_CLERK                                                                                                                                                                          
Randall          2600 ST_CLERK                                                                                                                                                                          
Curtis           3100 ST_CLERK                                                                                                                                                                          
Trenna           3500 ST_CLERK                                                                                                                                                                          
Diana            4200 IT_PROG                                                                                                                                                                           
Jennifer         4400 AD_ASST                                                                                                                                                                           
Kevin            5800 ST_MAN                                                                                                                                                                            
Bruce            6000 IT_PROG                                                                                                                                                                           
Pat              6000 MK_REP                                                                                                                                                                            
Kimerely         7000 SA_REP                                                                                                                                                                            
William          8300 AC_ACCOUNT                                                                                                                                                                        
Jonathon         8600 SA_REP                                                                                                                                                                            
Alexander        9000 IT_PROG                                                                                                                                                                           
Eleni           10500 SA_MAN                                                                                                                                                                            
Ellen           11000 SA_REP                                                                                                                                                                            
Shelley         12000 AC_MGR                                                                                                                                                                            
Michael         13000 MK_MAN                                                                                                                                                                            
Neena           17000 AD_VP                                                                                                                                                                             
Lex             17000 AD_VP                                                                                                                                                                             
Steven          24000 AD_PRES                                                                                                                                                                           

20 rows selected.

SQL> SELECT FIRST_NAME , SALARY , JOB_ID FROM EMPLOYEES WHERE SALARY >= 10500 OR JOB_ID LIKE '%MAN' ORDER BY 2;

FIRST_NAME     SALARY JOB_ID                                                                                                                                                                            
---------- ---------- ----------                                                                                                                                                                        
Kevin            5800 ST_MAN                                                                                                                                                                            
Eleni           10500 SA_MAN                                                                                                                                                                            
Ellen           11000 SA_REP                                                                                                                                                                            
Shelley         12000 AC_MGR                                                                                                                                                                            
Michael         13000 MK_MAN                                                                                                                                                                            
Neena           17000 AD_VP                                                                                                                                                                             
Lex             17000 AD_VP                                                                                                                                                                             
Steven          24000 AD_PRES                                                                                                                                                                           

8 rows selected.

SQL> SELECT FIRST_NAME , SALARY , JOB_ID FROM EMPLOYEES ORDER BY 2;

FIRST_NAME     SALARY JOB_ID                                                                                                                                                                            
---------- ---------- ----------                                                                                                                                                                        
Peter            2500 ST_CLERK                                                                                                                                                                          
Randall          2600 ST_CLERK                                                                                                                                                                          
Curtis           3100 ST_CLERK                                                                                                                                                                          
Trenna           3500 ST_CLERK                                                                                                                                                                          
Diana            4200 IT_PROG                                                                                                                                                                           
Jennifer         4400 AD_ASST                                                                                                                                                                           
Kevin            5800 ST_MAN                                                                                                                                                                            
Bruce            6000 IT_PROG                                                                                                                                                                           
Pat              6000 MK_REP                                                                                                                                                                            
Kimerely         7000 SA_REP                                                                                                                                                                            
William          8300 AC_ACCOUNT                                                                                                                                                                        
Jonathon         8600 SA_REP                                                                                                                                                                            
Alexander        9000 IT_PROG                                                                                                                                                                           
Eleni           10500 SA_MAN                                                                                                                                                                            
Ellen           11000 SA_REP                                                                                                                                                                            
Shelley         12000 AC_MGR                                                                                                                                                                            
Michael         13000 MK_MAN                                                                                                                                                                            
Neena           17000 AD_VP                                                                                                                                                                             
Lex             17000 AD_VP                                                                                                                                                                             
Steven          24000 AD_PRES                                                                                                                                                                           

20 rows selected.

SQL> SELECT FIRST_NAME , SALARY , JOB_ID FROM EMPLOYEES WHERE SALARY >= 10500 AND NOT JOB_ID LIKE '%MAN' ORDER BY 2;

FIRST_NAME     SALARY JOB_ID                                                                                                                                                                            
---------- ---------- ----------                                                                                                                                                                        
Ellen           11000 SA_REP                                                                                                                                                                            
Shelley         12000 AC_MGR                                                                                                                                                                            
Neena           17000 AD_VP                                                                                                                                                                             
Lex             17000 AD_VP                                                                                                                                                                             
Steven          24000 AD_PRES                                                                                                                                                                           

SQL> SELECT FIRST_NAME , SALARY , JOB_ID FROM EMPLOYEES ORDER BY 2;

FIRST_NAME     SALARY JOB_ID                                                                                                                                                                            
---------- ---------- ----------                                                                                                                                                                        
Peter            2500 ST_CLERK                                                                                                                                                                          
Randall          2600 ST_CLERK                                                                                                                                                                          
Curtis           3100 ST_CLERK                                                                                                                                                                          
Trenna           3500 ST_CLERK                                                                                                                                                                          
Diana            4200 IT_PROG                                                                                                                                                                           
Jennifer         4400 AD_ASST                                                                                                                                                                           
Kevin            5800 ST_MAN                                                                                                                                                                            
Bruce            6000 IT_PROG                                                                                                                                                                           
Pat              6000 MK_REP                                                                                                                                                                            
Kimerely         7000 SA_REP                                                                                                                                                                            
William          8300 AC_ACCOUNT                                                                                                                                                                        
Jonathon         8600 SA_REP                                                                                                                                                                            
Alexander        9000 IT_PROG                                                                                                                                                                           
Eleni           10500 SA_MAN                                                                                                                                                                            
Ellen           11000 SA_REP                                                                                                                                                                            
Shelley         12000 AC_MGR                                                                                                                                                                            
Michael         13000 MK_MAN                                                                                                                                                                            
Neena           17000 AD_VP                                                                                                                                                                             
Lex             17000 AD_VP                                                                                                                                                                             
Steven          24000 AD_PRES                                                                                                                                                                           

20 rows selected.

SQL> SELECT FIRST_NAME , SALARY , JOB_ID FROM EMPLOYEES WHERE NOT SALARY >= 10500 AND JOB_ID LIKE '%MAN' ORDER BY 2;

FIRST_NAME     SALARY JOB_ID                                                                                                                                                                            
---------- ---------- ----------                                                                                                                                                                        
Kevin            5800 ST_MAN                                                                                                                                                                            

SQL> SELECT FIRST_NAME , SALARY , JOB_ID FROM EMPLOYEES ORDER BY 2;

FIRST_NAME     SALARY JOB_ID                                                                                                                                                                            
---------- ---------- ----------                                                                                                                                                                        
Peter            2500 ST_CLERK                                                                                                                                                                          
Randall          2600 ST_CLERK                                                                                                                                                                          
Curtis           3100 ST_CLERK                                                                                                                                                                          
Trenna           3500 ST_CLERK                                                                                                                                                                          
Diana            4200 IT_PROG                                                                                                                                                                           
Jennifer         4400 AD_ASST                                                                                                                                                                           
Kevin            5800 ST_MAN                                                                                                                                                                            
Bruce            6000 IT_PROG                                                                                                                                                                           
Pat              6000 MK_REP                                                                                                                                                                            
Kimerely         7000 SA_REP                                                                                                                                                                            
William          8300 AC_ACCOUNT                                                                                                                                                                        
Jonathon         8600 SA_REP                                                                                                                                                                            
Alexander        9000 IT_PROG                                                                                                                                                                           
Eleni           10500 SA_MAN                                                                                                                                                                            
Ellen           11000 SA_REP                                                                                                                                                                            
Shelley         12000 AC_MGR                                                                                                                                                                            
Michael         13000 MK_MAN                                                                                                                                                                            
Neena           17000 AD_VP                                                                                                                                                                             
Lex             17000 AD_VP                                                                                                                                                                             
Steven          24000 AD_PRES                                                                                                                                                                           

20 rows selected.

SQL> SELECT FIRST_NAME , SALARY , JOB_ID FROM EMPLOYEES WHERE NOT (SALARY >= 10500 OR JOB_ID LIKE '%MAN') ORDER BY 2;

FIRST_NAME     SALARY JOB_ID                                                                                                                                                                            
---------- ---------- ----------                                                                                                                                                                        
Peter            2500 ST_CLERK                                                                                                                                                                          
Randall          2600 ST_CLERK                                                                                                                                                                          
Curtis           3100 ST_CLERK                                                                                                                                                                          
Trenna           3500 ST_CLERK                                                                                                                                                                          
Diana            4200 IT_PROG                                                                                                                                                                           
Jennifer         4400 AD_ASST                                                                                                                                                                           
Pat              6000 MK_REP                                                                                                                                                                            
Bruce            6000 IT_PROG                                                                                                                                                                           
Kimerely         7000 SA_REP                                                                                                                                                                            
William          8300 AC_ACCOUNT                                                                                                                                                                        
Jonathon         8600 SA_REP                                                                                                                                                                            
Alexander        9000 IT_PROG                                                                                                                                                                           

12 rows selected.

SQL> SELECT FIRST_NAME , SALARY , JOB_ID FROM EMPLOYEES ORDER BY 2;

FIRST_NAME     SALARY JOB_ID                                                                                                                                                                            
---------- ---------- ----------                                                                                                                                                                        
Peter            2500 ST_CLERK                                                                                                                                                                          
Randall          2600 ST_CLERK                                                                                                                                                                          
Curtis           3100 ST_CLERK                                                                                                                                                                          
Trenna           3500 ST_CLERK                                                                                                                                                                          
Diana            4200 IT_PROG                                                                                                                                                                           
Jennifer         4400 AD_ASST                                                                                                                                                                           
Kevin            5800 ST_MAN                                                                                                                                                                            
Bruce            6000 IT_PROG                                                                                                                                                                           
Pat              6000 MK_REP                                                                                                                                                                            
Kimerely         7000 SA_REP                                                                                                                                                                            
William          8300 AC_ACCOUNT                                                                                                                                                                        
Jonathon         8600 SA_REP                                                                                                                                                                            
Alexander        9000 IT_PROG                                                                                                                                                                           
Eleni           10500 SA_MAN                                                                                                                                                                            
Ellen           11000 SA_REP                                                                                                                                                                            
Shelley         12000 AC_MGR                                                                                                                                                                            
Michael         13000 MK_MAN                                                                                                                                                                            
Neena           17000 AD_VP                                                                                                                                                                             
Lex             17000 AD_VP                                                                                                                                                                             
Steven          24000 AD_PRES                                                                                                                                                                           

20 rows selected.

SQL> REM PRECEDENCE : () -> NOT -> AND -> OR
SQL> 
SQL> SELECT FIRST_NAME , SALARY , JOB_ID FROM EMPLOYEES ORDER BY 2;

FIRST_NAME     SALARY JOB_ID                                                                                                                                                                            
---------- ---------- ----------                                                                                                                                                                        
Peter            2500 ST_CLERK                                                                                                                                                                          
Randall          2600 ST_CLERK                                                                                                                                                                          
Curtis           3100 ST_CLERK                                                                                                                                                                          
Trenna           3500 ST_CLERK                                                                                                                                                                          
Diana            4200 IT_PROG                                                                                                                                                                           
Jennifer         4400 AD_ASST                                                                                                                                                                           
Kevin            5800 ST_MAN                                                                                                                                                                            
Bruce            6000 IT_PROG                                                                                                                                                                           
Pat              6000 MK_REP                                                                                                                                                                            
Kimerely         7000 SA_REP                                                                                                                                                                            
William          8300 AC_ACCOUNT                                                                                                                                                                        
Jonathon         8600 SA_REP                                                                                                                                                                            
Alexander        9000 IT_PROG                                                                                                                                                                           
Eleni           10500 SA_MAN                                                                                                                                                                            
Ellen           11000 SA_REP                                                                                                                                                                            
Shelley         12000 AC_MGR                                                                                                                                                                            
Michael         13000 MK_MAN                                                                                                                                                                            
Neena           17000 AD_VP                                                                                                                                                                             
Lex             17000 AD_VP                                                                                                                                                                             
Steven          24000 AD_PRES                                                                                                                                                                           

20 rows selected.

SQL> SELECT FIRST_NAME , SALARY , JOB_ID FROM EMPLOYEES WHERE SALARY >= 10500 AND JOB_ID LIKE '%MAN' OR JOB_ID LIKE '%REP' ORDER BY 2;

FIRST_NAME     SALARY JOB_ID                                                                                                                                                                            
---------- ---------- ----------                                                                                                                                                                        
Pat              6000 MK_REP                                                                                                                                                                            
Kimerely         7000 SA_REP                                                                                                                                                                            
Jonathon         8600 SA_REP                                                                                                                                                                            
Eleni           10500 SA_MAN                                                                                                                                                                            
Ellen           11000 SA_REP                                                                                                                                                                            
Michael         13000 MK_MAN                                                                                                                                                                            

6 rows selected.

SQL> SELECT FIRST_NAME , SALARY , JOB_ID FROM EMPLOYEES WHERE SALARY >= 10500 AND JOB_ID LIKE '%MAN' OR NOT JOB_ID LIKE '%REP' ORDER BY 2;

FIRST_NAME     SALARY JOB_ID                                                                                                                                                                            
---------- ---------- ----------                                                                                                                                                                        
Peter            2500 ST_CLERK                                                                                                                                                                          
Randall          2600 ST_CLERK                                                                                                                                                                          
Curtis           3100 ST_CLERK                                                                                                                                                                          
Trenna           3500 ST_CLERK                                                                                                                                                                          
Diana            4200 IT_PROG                                                                                                                                                                           
Jennifer         4400 AD_ASST                                                                                                                                                                           
Kevin            5800 ST_MAN                                                                                                                                                                            
Bruce            6000 IT_PROG                                                                                                                                                                           
William          8300 AC_ACCOUNT                                                                                                                                                                        
Alexander        9000 IT_PROG                                                                                                                                                                           
Eleni           10500 SA_MAN                                                                                                                                                                            
Shelley         12000 AC_MGR                                                                                                                                                                            
Michael         13000 MK_MAN                                                                                                                                                                            
Neena           17000 AD_VP                                                                                                                                                                             
Lex             17000 AD_VP                                                                                                                                                                             
Steven          24000 AD_PRES                                                                                                                                                                           

16 rows selected.

SQL> SELECT FIRST_NAME , SALARY , JOB_ID FROM EMPLOYEES ORDER BY 2;

FIRST_NAME     SALARY JOB_ID                                                                                                                                                                            
---------- ---------- ----------                                                                                                                                                                        
Peter            2500 ST_CLERK                                                                                                                                                                          
Randall          2600 ST_CLERK                                                                                                                                                                          
Curtis           3100 ST_CLERK                                                                                                                                                                          
Trenna           3500 ST_CLERK                                                                                                                                                                          
Diana            4200 IT_PROG                                                                                                                                                                           
Jennifer         4400 AD_ASST                                                                                                                                                                           
Kevin            5800 ST_MAN                                                                                                                                                                            
Bruce            6000 IT_PROG                                                                                                                                                                           
Pat              6000 MK_REP                                                                                                                                                                            
Kimerely         7000 SA_REP                                                                                                                                                                            
William          8300 AC_ACCOUNT                                                                                                                                                                        
Jonathon         8600 SA_REP                                                                                                                                                                            
Alexander        9000 IT_PROG                                                                                                                                                                           
Eleni           10500 SA_MAN                                                                                                                                                                            
Ellen           11000 SA_REP                                                                                                                                                                            
Shelley         12000 AC_MGR                                                                                                                                                                            
Michael         13000 MK_MAN                                                                                                                                                                            
Neena           17000 AD_VP                                                                                                                                                                             
Lex             17000 AD_VP                                                                                                                                                                             
Steven          24000 AD_PRES                                                                                                                                                                           

20 rows selected.

SQL> SELECT FIRST_NAME , SALARY , JOB_ID FROM EMPLOYEES WHERE SALARY >= 10500 AND (JOB_ID LIKE '%MAN' OR JOB_ID LIKE '%REP') ORDER BY 2;

FIRST_NAME     SALARY JOB_ID                                                                                                                                                                            
---------- ---------- ----------                                                                                                                                                                        
Eleni           10500 SA_MAN                                                                                                                                                                            
Ellen           11000 SA_REP                                                                                                                                                                            
Michael         13000 MK_MAN                                                                                                                                                                            

SQL> SELECT FIRST_NAME , SALARY , JOB_ID FROM EMPLOYEES WHERE SALARY >= 10500 AND NOT (JOB_ID LIKE '%MAN' OR JOB_ID LIKE '%REP') ORDER BY 2;

FIRST_NAME     SALARY JOB_ID                                                                                                                                                                            
---------- ---------- ----------                                                                                                                                                                        
Shelley         12000 AC_MGR                                                                                                                                                                            
Neena           17000 AD_VP                                                                                                                                                                             
Lex             17000 AD_VP                                                                                                                                                                             
Steven          24000 AD_PRES                                                                                                                                                                           

SQL> SELECT FIRST_NAME , SALARY , JOB_ID FROM EMPLOYEES ORDER BY 2;

FIRST_NAME     SALARY JOB_ID                                                                                                                                                                            
---------- ---------- ----------                                                                                                                                                                        
Peter            2500 ST_CLERK                                                                                                                                                                          
Randall          2600 ST_CLERK                                                                                                                                                                          
Curtis           3100 ST_CLERK                                                                                                                                                                          
Trenna           3500 ST_CLERK                                                                                                                                                                          
Diana            4200 IT_PROG                                                                                                                                                                           
Jennifer         4400 AD_ASST                                                                                                                                                                           
Kevin            5800 ST_MAN                                                                                                                                                                            
Bruce            6000 IT_PROG                                                                                                                                                                           
Pat              6000 MK_REP                                                                                                                                                                            
Kimerely         7000 SA_REP                                                                                                                                                                            
William          8300 AC_ACCOUNT                                                                                                                                                                        
Jonathon         8600 SA_REP                                                                                                                                                                            
Alexander        9000 IT_PROG                                                                                                                                                                           
Eleni           10500 SA_MAN                                                                                                                                                                            
Ellen           11000 SA_REP                                                                                                                                                                            
Shelley         12000 AC_MGR                                                                                                                                                                            
Michael         13000 MK_MAN                                                                                                                                                                            
Neena           17000 AD_VP                                                                                                                                                                             
Lex             17000 AD_VP                                                                                                                                                                             
Steven          24000 AD_PRES                                                                                                                                                                           

20 rows selected.

SQL> SELECT FIRST_NAME , SALARY , JOB_ID FROM EMPLOYEES WHERE SALARY BETWEEN 6000 AND 11000 AND JOB_ID LIKE '%P' ORDER BY 2;

FIRST_NAME     SALARY JOB_ID                                                                                                                                                                            
---------- ---------- ----------                                                                                                                                                                        
Pat              6000 MK_REP                                                                                                                                                                            
Kimerely         7000 SA_REP                                                                                                                                                                            
Jonathon         8600 SA_REP                                                                                                                                                                            
Ellen           11000 SA_REP                                                                                                                                                                            

SQL> SELECT FIRST_NAME , SALARY , JOB_ID FROM EMPLOYEES ORDER BY 2;

FIRST_NAME     SALARY JOB_ID                                                                                                                                                                            
---------- ---------- ----------                                                                                                                                                                        
Peter            2500 ST_CLERK                                                                                                                                                                          
Randall          2600 ST_CLERK                                                                                                                                                                          
Curtis           3100 ST_CLERK                                                                                                                                                                          
Trenna           3500 ST_CLERK                                                                                                                                                                          
Diana            4200 IT_PROG                                                                                                                                                                           
Jennifer         4400 AD_ASST                                                                                                                                                                           
Kevin            5800 ST_MAN                                                                                                                                                                            
Bruce            6000 IT_PROG                                                                                                                                                                           
Pat              6000 MK_REP                                                                                                                                                                            
Kimerely         7000 SA_REP                                                                                                                                                                            
William          8300 AC_ACCOUNT                                                                                                                                                                        
Jonathon         8600 SA_REP                                                                                                                                                                            
Alexander        9000 IT_PROG                                                                                                                                                                           
Eleni           10500 SA_MAN                                                                                                                                                                            
Ellen           11000 SA_REP                                                                                                                                                                            
Shelley         12000 AC_MGR                                                                                                                                                                            
Michael         13000 MK_MAN                                                                                                                                                                            
Neena           17000 AD_VP                                                                                                                                                                             
Lex             17000 AD_VP                                                                                                                                                                             
Steven          24000 AD_PRES                                                                                                                                                                           

20 rows selected.

SQL> SELECT FIRST_NAME , SALARY , JOB_ID FROM EMPLOYEES WHERE SALARY BETWEEN 6000 AND 11000 AND JOB_ID LIKE '%P%' ORDER BY 2;

FIRST_NAME     SALARY JOB_ID                                                                                                                                                                            
---------- ---------- ----------                                                                                                                                                                        
Bruce            6000 IT_PROG                                                                                                                                                                           
Pat              6000 MK_REP                                                                                                                                                                            
Kimerely         7000 SA_REP                                                                                                                                                                            
Jonathon         8600 SA_REP                                                                                                                                                                            
Alexander        9000 IT_PROG                                                                                                                                                                           
Ellen           11000 SA_REP                                                                                                                                                                            

6 rows selected.

SQL> SELECT FIRST_NAME , SALARY , JOB_ID FROM EMPLOYEES ORDER BY 2;

FIRST_NAME     SALARY JOB_ID                                                                                                                                                                            
---------- ---------- ----------                                                                                                                                                                        
Peter            2500 ST_CLERK                                                                                                                                                                          
Randall          2600 ST_CLERK                                                                                                                                                                          
Curtis           3100 ST_CLERK                                                                                                                                                                          
Trenna           3500 ST_CLERK                                                                                                                                                                          
Diana            4200 IT_PROG                                                                                                                                                                           
Jennifer         4400 AD_ASST                                                                                                                                                                           
Kevin            5800 ST_MAN                                                                                                                                                                            
Bruce            6000 IT_PROG                                                                                                                                                                           
Pat              6000 MK_REP                                                                                                                                                                            
Kimerely         7000 SA_REP                                                                                                                                                                            
William          8300 AC_ACCOUNT                                                                                                                                                                        
Jonathon         8600 SA_REP                                                                                                                                                                            
Alexander        9000 IT_PROG                                                                                                                                                                           
Eleni           10500 SA_MAN                                                                                                                                                                            
Ellen           11000 SA_REP                                                                                                                                                                            
Shelley         12000 AC_MGR                                                                                                                                                                            
Michael         13000 MK_MAN                                                                                                                                                                            
Neena           17000 AD_VP                                                                                                                                                                             
Lex             17000 AD_VP                                                                                                                                                                             
Steven          24000 AD_PRES                                                                                                                                                                           

20 rows selected.

SQL> SELECT FIRST_NAME , SALARY , JOB_ID FROM EMPLOYEES WHERE SALARY NOT BETWEEN 6000 AND 11000 AND JOB_ID LIKE '%P%' ORDER BY 2;

FIRST_NAME     SALARY JOB_ID                                                                                                                                                                            
---------- ---------- ----------                                                                                                                                                                        
Diana            4200 IT_PROG                                                                                                                                                                           
Neena           17000 AD_VP                                                                                                                                                                             
Lex             17000 AD_VP                                                                                                                                                                             
Steven          24000 AD_PRES                                                                                                                                                                           

SQL> SELECT FIRST_NAME , SALARY , JOB_ID FROM EMPLOYEES ORDER BY 2;

FIRST_NAME     SALARY JOB_ID                                                                                                                                                                            
---------- ---------- ----------                                                                                                                                                                        
Peter            2500 ST_CLERK                                                                                                                                                                          
Randall          2600 ST_CLERK                                                                                                                                                                          
Curtis           3100 ST_CLERK                                                                                                                                                                          
Trenna           3500 ST_CLERK                                                                                                                                                                          
Diana            4200 IT_PROG                                                                                                                                                                           
Jennifer         4400 AD_ASST                                                                                                                                                                           
Kevin            5800 ST_MAN                                                                                                                                                                            
Bruce            6000 IT_PROG                                                                                                                                                                           
Pat              6000 MK_REP                                                                                                                                                                            
Kimerely         7000 SA_REP                                                                                                                                                                            
William          8300 AC_ACCOUNT                                                                                                                                                                        
Jonathon         8600 SA_REP                                                                                                                                                                            
Alexander        9000 IT_PROG                                                                                                                                                                           
Eleni           10500 SA_MAN                                                                                                                                                                            
Ellen           11000 SA_REP                                                                                                                                                                            
Shelley         12000 AC_MGR                                                                                                                                                                            
Michael         13000 MK_MAN                                                                                                                                                                            
Neena           17000 AD_VP                                                                                                                                                                             
Lex             17000 AD_VP                                                                                                                                                                             
Steven          24000 AD_PRES                                                                                                                                                                           

20 rows selected.

SQL> SELECT FIRST_NAME , SALARY , JOB_ID FROM EMPLOYEES WHERE NOT SALARY NOT BETWEEN 6000 AND 11000 AND JOB_ID LIKE '%P%' ORDER BY 2;

FIRST_NAME     SALARY JOB_ID                                                                                                                                                                            
---------- ---------- ----------                                                                                                                                                                        
Bruce            6000 IT_PROG                                                                                                                                                                           
Pat              6000 MK_REP                                                                                                                                                                            
Kimerely         7000 SA_REP                                                                                                                                                                            
Jonathon         8600 SA_REP                                                                                                                                                                            
Alexander        9000 IT_PROG                                                                                                                                                                           
Ellen           11000 SA_REP                                                                                                                                                                            

6 rows selected.

SQL> SELECT * FROM EMPLOYEES;

EMPLOYEE_ID FIRST_NAME LAST_NAME  EMAIL      PHONE_NUMBER         HIRE_DATE JOB_ID         SALARY COMMISSION_PCT MANAGER_ID DEPARTMENT_ID                                                               
----------- ---------- ---------- ---------- -------------------- --------- ---------- ---------- -------------- ---------- -------------                                                               
        100 Steven     King       SKING      515.123.4567         17-JUL-87 AD_PRES         24000                                      90                                                               
        101 Neena      Kochhar    NKOCHHAR   515.123.4568         21-SEP-89 AD_VP           17000                       100            90                                                               
        102 Lex        De Haan    LDEHAAN    515.123.4569         13-JAN-93 AD_VP           17000                       100            90                                                               
        103 Alexander  Hunold     AHUNOLD    590.423.4567         03-JAN-90 IT_PROG          9000                       102            60                                                               
        104 Bruce      Ernst      BERNST     590.423.4568         21-MAY-91 IT_PROG          6000                       103            60                                                               
        107 Diana      Lorentz    DLORENTZ   590.423.5567         07-FEB-99 IT_PROG          4200                       103            60                                                               
        124 Kevin      Mourgos    KMOURGOS   650.123.5234         16-NOV-99 ST_MAN           5800                       100            50                                                               
        141 Trenna     Rajs       TRAJS      650.121.8009         17-OCT-95 ST_CLERK         3500                       124            50                                                               
        142 Curtis     Davies     CDAVIES    650.121.2994         29-JAN-97 ST_CLERK         3100                       124            50                                                               
        143 Randall    Matos      RMATOS     650.121.2874         15-MAR-98 ST_CLERK         2600                       124            50                                                               
        144 Peter      Vargas     PVARGAS    650.121.2004         09-JUL-98 ST_CLERK         2500                       124            50                                                               
        149 Eleni      Zlotkey    EZLOTKEY   011.44.1344.429018   29-JAN-00 SA_MAN          10500             .2        100            80                                                               
        174 Ellen      Abel       EABEL      011.44.1644.429267   11-MAY-96 SA_REP          11000             .3        149            80                                                               
        176 Jonathon   Taylor     JTAYLOR    011.44.1644.429265   24-MAR-98 SA_REP           8600             .3        149            80                                                               
        178 Kimerely   Grant      KGRANT     011.44.1644.429263   24-MAY-99 SA_REP           7000            .15        149                                                                             
        200 Jennifer   Whalen     JWAHLEN    515.123.4444         17-SEP-87 AD_ASST          4400                       101            10                                                               
        201 Michael    Hartstein  MHARTSTE   515.123.5555         17-FEB-96 MK_MAN          13000                       100            20                                                               
        202 Pat        Fay        PFAY       603.123.6666         17-AUG-97 MK_REP           6000                       201            20                                                               
        205 Shelley    Higgins    SHIGGINS   515.123.8080         07-JUN-94 AC_MGR          12000                       101           110                                                               
        206 William    Gietz      WGIETZ     515.123.8181         07-JUN-94 AC_ACCOUNT       8300                       205           110                                                               

20 rows selected.

SQL> REM DISPLAY THOSE WHO WORKS IN ANY OF THE DEPARTMENT 60 OR 80 AND GETS HIGHER SALARY THAN 8500
SQL> 
SQL> REM WITHOUT USING SPECIAL OPERATORS
SQL> 
SQL> REM WITHOUT USING SPECIAL OPERATORS AND MULTI ROW OPERATORS
SQL> 
SQL> SELECT * FROM EMPLOYEES WHERE (DEPARTMENT_ID =80  DEPARTMENT_ID = 60) AND SALARY >8500;
SELECT * FROM EMPLOYEES WHERE (DEPARTMENT_ID =80  DEPARTMENT_ID = 60) AND SALARY >8500
                                             *
ERROR at line 1:
ORA-00907: missing right parenthesis 


SQL> SELECT * FROM EMPLOYEES WHERE (DEPARTMENT_ID =80 OR  DEPARTMENT_ID = 60) AND SALARY >8500;

EMPLOYEE_ID FIRST_NAME LAST_NAME  EMAIL      PHONE_NUMBER         HIRE_DATE JOB_ID         SALARY COMMISSION_PCT MANAGER_ID DEPARTMENT_ID                                                               
----------- ---------- ---------- ---------- -------------------- --------- ---------- ---------- -------------- ---------- -------------                                                               
        103 Alexander  Hunold     AHUNOLD    590.423.4567         03-JAN-90 IT_PROG          9000                       102            60                                                               
        149 Eleni      Zlotkey    EZLOTKEY   011.44.1344.429018   29-JAN-00 SA_MAN          10500             .2        100            80                                                               
        174 Ellen      Abel       EABEL      011.44.1644.429267   11-MAY-96 SA_REP          11000             .3        149            80                                                               
        176 Jonathon   Taylor     JTAYLOR    011.44.1644.429265   24-MAR-98 SA_REP           8600             .3        149            80                                                               

SQL> SELECT * FROM EMPLOYEES;

EMPLOYEE_ID FIRST_NAME LAST_NAME  EMAIL      PHONE_NUMBER         HIRE_DATE JOB_ID         SALARY COMMISSION_PCT MANAGER_ID DEPARTMENT_ID                                                               
----------- ---------- ---------- ---------- -------------------- --------- ---------- ---------- -------------- ---------- -------------                                                               
        100 Steven     King       SKING      515.123.4567         17-JUL-87 AD_PRES         24000                                      90                                                               
        101 Neena      Kochhar    NKOCHHAR   515.123.4568         21-SEP-89 AD_VP           17000                       100            90                                                               
        102 Lex        De Haan    LDEHAAN    515.123.4569         13-JAN-93 AD_VP           17000                       100            90                                                               
        103 Alexander  Hunold     AHUNOLD    590.423.4567         03-JAN-90 IT_PROG          9000                       102            60                                                               
        104 Bruce      Ernst      BERNST     590.423.4568         21-MAY-91 IT_PROG          6000                       103            60                                                               
        107 Diana      Lorentz    DLORENTZ   590.423.5567         07-FEB-99 IT_PROG          4200                       103            60                                                               
        124 Kevin      Mourgos    KMOURGOS   650.123.5234         16-NOV-99 ST_MAN           5800                       100            50                                                               
        141 Trenna     Rajs       TRAJS      650.121.8009         17-OCT-95 ST_CLERK         3500                       124            50                                                               
        142 Curtis     Davies     CDAVIES    650.121.2994         29-JAN-97 ST_CLERK         3100                       124            50                                                               
        143 Randall    Matos      RMATOS     650.121.2874         15-MAR-98 ST_CLERK         2600                       124            50                                                               
        144 Peter      Vargas     PVARGAS    650.121.2004         09-JUL-98 ST_CLERK         2500                       124            50                                                               
        149 Eleni      Zlotkey    EZLOTKEY   011.44.1344.429018   29-JAN-00 SA_MAN          10500             .2        100            80                                                               
        174 Ellen      Abel       EABEL      011.44.1644.429267   11-MAY-96 SA_REP          11000             .3        149            80                                                               
        176 Jonathon   Taylor     JTAYLOR    011.44.1644.429265   24-MAR-98 SA_REP           8600             .3        149            80                                                               
        178 Kimerely   Grant      KGRANT     011.44.1644.429263   24-MAY-99 SA_REP           7000            .15        149                                                                             
        200 Jennifer   Whalen     JWAHLEN    515.123.4444         17-SEP-87 AD_ASST          4400                       101            10                                                               
        201 Michael    Hartstein  MHARTSTE   515.123.5555         17-FEB-96 MK_MAN          13000                       100            20                                                               
        202 Pat        Fay        PFAY       603.123.6666         17-AUG-97 MK_REP           6000                       201            20                                                               
        205 Shelley    Higgins    SHIGGINS   515.123.8080         07-JUN-94 AC_MGR          12000                       101           110                                                               
        206 William    Gietz      WGIETZ     515.123.8181         07-JUN-94 AC_ACCOUNT       8300                       205           110                                                               

20 rows selected.

SQL> REM DISPLAY THOSE WHO WERE HIRED IN 98 , 89 OR 99 AND GETS SALARY LESS THAN 6000 OR HIGHER THAN 11000
SQL> 
SQL> SELECT FIRST_NAME , HIRE_DATE FROM EMPLOYEES WHERE  NOT SALARY BETWEEN 6000 AND 11000 AND (HIRE_DATE LIKE '%98' OR HIRE_DATE LIKE '%89' OR HIRE_DATE LIKE '%99');

FIRST_NAME HIRE_DATE                                                                                                                                                                                    
---------- ---------                                                                                                                                                                                    
Neena      21-SEP-89                                                                                                                                                                                    
Diana      07-FEB-99                                                                                                                                                                                    
Kevin      16-NOV-99                                                                                                                                                                                    
Randall    15-MAR-98                                                                                                                                                                                    
Peter      09-JUL-98                                                                                                                                                                                    

SQL> SELECT FIRST_NAME , HIRE_DATE , SALARY FROM EMPLOYEES WHERE (SALARY<6000 OR SALARY>11000) AND (HIRE_DATE LIKE '%98' OR HIRE_DATE LIKE '%89' OR HIRE_DATE LIKE '%99');

FIRST_NAME HIRE_DATE     SALARY                                                                                                                                                                         
---------- --------- ----------                                                                                                                                                                         
Neena      21-SEP-89      17000                                                                                                                                                                         
Diana      07-FEB-99       4200                                                                                                                                                                         
Kevin      16-NOV-99       5800                                                                                                                                                                         
Randall    15-MAR-98       2600                                                                                                                                                                         
Peter      09-JUL-98       2500                                                                                                                                                                         

SQL> SPOOL OFF
