SQL> 
SQL> REM FIND THOSE WHO GETS HIGHER SALARY THAN Abel
SQL>   REM DISPLAY EMPLOYE_NAME AND HIS/HER COLLEGUE NAME (DEPARTMENTAL COLLEGUE)
SQL> 
SQL> 
SQL> 
SQL>  REM FIND THOSE WHO GETS HIGHER SALARY THAN Abel
SQL> 
SQL> SELECT FIRST_NAME , SALARY
  2  FROM EMPLOYEES
  3  WHERE SALARY > (SELECT SALARY FROM EMPLOYEES WHERE FIRST_NAME = 'Abel');

no rows selected

SQL> SELECT LAST_NAME , SALARY
  2  FROM EMPLOYEES
  3  WHERE SALARY > (SELECT SALARY FROM EMPLOYEES WHERE LAST_NAME = 'Abel');

LAST_NAME      SALARY                                                                                                                                                                                   
---------- ----------                                                                                                                                                                                   
King            24000                                                                                                                                                                                   
Kochhar         17000                                                                                                                                                                                   
De Haan         17000                                                                                                                                                                                   
Hartstein       13000                                                                                                                                                                                   
Higgins         12000                                                                                                                                                                                   

SQL> SELECT O.FIRST_NAME , O.SALARY
  2  FROM EMPLOYEES O
  3  JOIN EMPLOYEES A ON O.SALARY > A.SALARY AND A.LAST_NAME = 'Abel';

FIRST_NAME     SALARY                                                                                                                                                                                   
---------- ----------                                                                                                                                                                                   
Steven          24000                                                                                                                                                                                   
Neena           17000                                                                                                                                                                                   
Lex             17000                                                                                                                                                                                   
Michael         13000                                                                                                                                                                                   
Shelley         12000                                                                                                                                                                                   

SQL>    REM DISPLAY EMPLOYE_NAME AND HIS/HER COLLEGUE NAME (DEPARTMENTAL COLLEGUE)
SQL> 
SQL> SELECT E.FIRST_NAME EMP_NAME , C.FIRST_NAME COLL_NAME
  2  FROM EMPLOYEES E
  3  JOIN EMPLOYEES C ON E.DEPARTMENT_ID = C.DEPARTMENT_ID;

EMP_NAME   COLL_NAME                                                                                                                                                                                    
---------- ----------                                                                                                                                                                                   
Steven     Steven                                                                                                                                                                                       
Neena      Steven                                                                                                                                                                                       
Lex        Steven                                                                                                                                                                                       
Steven     Neena                                                                                                                                                                                        
Neena      Neena                                                                                                                                                                                        
Lex        Neena                                                                                                                                                                                        
Steven     Lex                                                                                                                                                                                          
Neena      Lex                                                                                                                                                                                          
Lex        Lex                                                                                                                                                                                          
Alexander  Alexander                                                                                                                                                                                    
Bruce      Alexander                                                                                                                                                                                    
Diana      Alexander                                                                                                                                                                                    
Alexander  Bruce                                                                                                                                                                                        
Bruce      Bruce                                                                                                                                                                                        
Diana      Bruce                                                                                                                                                                                        
Alexander  Diana                                                                                                                                                                                        
Bruce      Diana                                                                                                                                                                                        
Diana      Diana                                                                                                                                                                                        
Kevin      Kevin                                                                                                                                                                                        
Trenna     Kevin                                                                                                                                                                                        
Curtis     Kevin                                                                                                                                                                                        

EMP_NAME   COLL_NAME                                                                                                                                                                                    
---------- ----------                                                                                                                                                                                   
Randall    Kevin                                                                                                                                                                                        
Peter      Kevin                                                                                                                                                                                        
Kevin      Trenna                                                                                                                                                                                       
Trenna     Trenna                                                                                                                                                                                       
Curtis     Trenna                                                                                                                                                                                       
Randall    Trenna                                                                                                                                                                                       
Peter      Trenna                                                                                                                                                                                       
Kevin      Curtis                                                                                                                                                                                       
Trenna     Curtis                                                                                                                                                                                       
Curtis     Curtis                                                                                                                                                                                       
Randall    Curtis                                                                                                                                                                                       
Peter      Curtis                                                                                                                                                                                       
Kevin      Randall                                                                                                                                                                                      
Trenna     Randall                                                                                                                                                                                      
Curtis     Randall                                                                                                                                                                                      
Randall    Randall                                                                                                                                                                                      
Peter      Randall                                                                                                                                                                                      
Kevin      Peter                                                                                                                                                                                        
Trenna     Peter                                                                                                                                                                                        
Curtis     Peter                                                                                                                                                                                        
Randall    Peter                                                                                                                                                                                        

EMP_NAME   COLL_NAME                                                                                                                                                                                    
---------- ----------                                                                                                                                                                                   
Peter      Peter                                                                                                                                                                                        
Eleni      Eleni                                                                                                                                                                                        
Ellen      Eleni                                                                                                                                                                                        
Jonathon   Eleni                                                                                                                                                                                        
Eleni      Ellen                                                                                                                                                                                        
Ellen      Ellen                                                                                                                                                                                        
Jonathon   Ellen                                                                                                                                                                                        
Eleni      Jonathon                                                                                                                                                                                     
Ellen      Jonathon                                                                                                                                                                                     
Jonathon   Jonathon                                                                                                                                                                                     
Jennifer   Jennifer                                                                                                                                                                                     
Michael    Michael                                                                                                                                                                                      
Pat        Michael                                                                                                                                                                                      
Michael    Pat                                                                                                                                                                                          
Pat        Pat                                                                                                                                                                                          
Shelley    Shelley                                                                                                                                                                                      
William    Shelley                                                                                                                                                                                      
Shelley    William                                                                                                                                                                                      
William    William                                                                                                                                                                                      

61 rows selected.

SQL> SELECT E.FIRST_NAME EMP_NAME , C.FIRST_NAME COLL_NAME
  2  FROM EMPLOYEES E
  3  JOIN EMPLOYEES C ON E.DEPARTMENT_ID = C.DEPARTMENT_ID AND E.EMPLOYEE_ID <> C.EMPLOYEE_ID;

EMP_NAME   COLL_NAME                                                                                                                                                                                    
---------- ----------                                                                                                                                                                                   
Neena      Steven                                                                                                                                                                                       
Lex        Steven                                                                                                                                                                                       
Steven     Neena                                                                                                                                                                                        
Lex        Neena                                                                                                                                                                                        
Steven     Lex                                                                                                                                                                                          
Neena      Lex                                                                                                                                                                                          
Bruce      Alexander                                                                                                                                                                                    
Diana      Alexander                                                                                                                                                                                    
Alexander  Bruce                                                                                                                                                                                        
Diana      Bruce                                                                                                                                                                                        
Alexander  Diana                                                                                                                                                                                        
Bruce      Diana                                                                                                                                                                                        
Trenna     Kevin                                                                                                                                                                                        
Curtis     Kevin                                                                                                                                                                                        
Randall    Kevin                                                                                                                                                                                        
Peter      Kevin                                                                                                                                                                                        
Kevin      Trenna                                                                                                                                                                                       
Curtis     Trenna                                                                                                                                                                                       
Randall    Trenna                                                                                                                                                                                       
Peter      Trenna                                                                                                                                                                                       
Kevin      Curtis                                                                                                                                                                                       

EMP_NAME   COLL_NAME                                                                                                                                                                                    
---------- ----------                                                                                                                                                                                   
Trenna     Curtis                                                                                                                                                                                       
Randall    Curtis                                                                                                                                                                                       
Peter      Curtis                                                                                                                                                                                       
Kevin      Randall                                                                                                                                                                                      
Trenna     Randall                                                                                                                                                                                      
Curtis     Randall                                                                                                                                                                                      
Peter      Randall                                                                                                                                                                                      
Kevin      Peter                                                                                                                                                                                        
Trenna     Peter                                                                                                                                                                                        
Curtis     Peter                                                                                                                                                                                        
Randall    Peter                                                                                                                                                                                        
Ellen      Eleni                                                                                                                                                                                        
Jonathon   Eleni                                                                                                                                                                                        
Eleni      Ellen                                                                                                                                                                                        
Jonathon   Ellen                                                                                                                                                                                        
Eleni      Jonathon                                                                                                                                                                                     
Ellen      Jonathon                                                                                                                                                                                     
Pat        Michael                                                                                                                                                                                      
Michael    Pat                                                                                                                                                                                          
William    Shelley                                                                                                                                                                                      
Shelley    William                                                                                                                                                                                      

42 rows selected.

SQL> SELECT E.FIRST_NAME EMP_NAME , C.FIRST_NAME COLL_NAME
  2  FROM EMPLOYEES E
  3  JOIN EMPLOYEES C ON E.DEPARTMENT_ID = C.DEPARTMENT_ID AND E.EMPLOYEE_ID < C.EMPLOYEE_ID;

EMP_NAME   COLL_NAME                                                                                                                                                                                    
---------- ----------                                                                                                                                                                                   
Steven     Neena                                                                                                                                                                                        
Steven     Lex                                                                                                                                                                                          
Neena      Lex                                                                                                                                                                                          
Alexander  Bruce                                                                                                                                                                                        
Alexander  Diana                                                                                                                                                                                        
Bruce      Diana                                                                                                                                                                                        
Kevin      Trenna                                                                                                                                                                                       
Kevin      Curtis                                                                                                                                                                                       
Trenna     Curtis                                                                                                                                                                                       
Kevin      Randall                                                                                                                                                                                      
Trenna     Randall                                                                                                                                                                                      
Curtis     Randall                                                                                                                                                                                      
Kevin      Peter                                                                                                                                                                                        
Trenna     Peter                                                                                                                                                                                        
Curtis     Peter                                                                                                                                                                                        
Randall    Peter                                                                                                                                                                                        
Eleni      Ellen                                                                                                                                                                                        
Eleni      Jonathon                                                                                                                                                                                     
Ellen      Jonathon                                                                                                                                                                                     
Michael    Pat                                                                                                                                                                                          
Shelley    William                                                                                                                                                                                      

21 rows selected.

SQL> REM DISPLAY EMPLOYEE NAME AND COLLEGUE NAME (SAME JOB COLLEGUE)
SQL> 
SQL> SELECT E.FIRST_NAME , E.JOB_ID , C.FIRST_NAME , C.JOB_ID
  2  FROM EMPLOYEES E
  3  JOIN EMPLOYEES C ON E.JOB_ID = C.JOB_ID AND E.EMPLOYEE_ID < C.EMPLOYEE_ID;

FIRST_NAME JOB_ID     FIRST_NAME JOB_ID                                                                                                                                                                 
---------- ---------- ---------- ----------                                                                                                                                                             
Neena      AD_VP      Lex        AD_VP                                                                                                                                                                  
Alexander  IT_PROG    Bruce      IT_PROG                                                                                                                                                                
Alexander  IT_PROG    Diana      IT_PROG                                                                                                                                                                
Bruce      IT_PROG    Diana      IT_PROG                                                                                                                                                                
Trenna     ST_CLERK   Curtis     ST_CLERK                                                                                                                                                               
Trenna     ST_CLERK   Randall    ST_CLERK                                                                                                                                                               
Curtis     ST_CLERK   Randall    ST_CLERK                                                                                                                                                               
Trenna     ST_CLERK   Peter      ST_CLERK                                                                                                                                                               
Curtis     ST_CLERK   Peter      ST_CLERK                                                                                                                                                               
Randall    ST_CLERK   Peter      ST_CLERK                                                                                                                                                               
Ellen      SA_REP     Jonathon   SA_REP                                                                                                                                                                 
Ellen      SA_REP     Kimerely   SA_REP                                                                                                                                                                 
Jonathon   SA_REP     Kimerely   SA_REP                                                                                                                                                                 

13 rows selected.

SQL> REM DISPLAY THOSE WHO WERE HIRED BEFORE Hartstein
SQL> 
SQL> SELECT FIRST_NAME , LAST_NAME FROM EMPLOYEES;

FIRST_NAME LAST_NAME                                                                                                                                                                                    
---------- ----------                                                                                                                                                                                   
Steven     King                                                                                                                                                                                         
Neena      Kochhar                                                                                                                                                                                      
Lex        De Haan                                                                                                                                                                                      
Alexander  Hunold                                                                                                                                                                                       
Bruce      Ernst                                                                                                                                                                                        
Diana      Lorentz                                                                                                                                                                                      
Kevin      Mourgos                                                                                                                                                                                      
Trenna     Rajs                                                                                                                                                                                         
Curtis     Davies                                                                                                                                                                                       
Randall    Matos                                                                                                                                                                                        
Peter      Vargas                                                                                                                                                                                       
Eleni      Zlotkey                                                                                                                                                                                      
Ellen      Abel                                                                                                                                                                                         
Jonathon   Taylor                                                                                                                                                                                       
Kimerely   Grant                                                                                                                                                                                        
Jennifer   Whalen                                                                                                                                                                                       
Michael    Hartstein                                                                                                                                                                                    
Pat        Fay                                                                                                                                                                                          
Shelley    Higgins                                                                                                                                                                                      
William    Gietz                                                                                                                                                                                        

20 rows selected.

SQL> SELECT E.FIRST_NAME , E.HIRE_DATE
  2  FROM EMPLOYEES E
  3  JOIN EMPLOYEES H ON H.LAST_NAME = 'Hartstein' AND E.HIRE_DATE < H.HIRE_DATE;

FIRST_NAME HIRE_DATE                                                                                                                                                                                    
---------- ---------                                                                                                                                                                                    
Steven     17-JUL-87                                                                                                                                                                                    
Neena      21-SEP-89                                                                                                                                                                                    
Lex        13-JAN-93                                                                                                                                                                                    
Alexander  03-JAN-90                                                                                                                                                                                    
Bruce      21-MAY-91                                                                                                                                                                                    
Trenna     17-OCT-95                                                                                                                                                                                    
Jennifer   17-SEP-87                                                                                                                                                                                    
Shelley    07-JUN-94                                                                                                                                                                                    
William    07-JUN-94                                                                                                                                                                                    

9 rows selected.

SQL> SELECT HIRE_DATE FROM EMPLOYEES WHERE LAST_NAME = 'Hartstein';

HIRE_DATE                                                                                                                                                                                               
---------                                                                                                                                                                                               
17-FEB-96                                                                                                                                                                                               

SQL> SELECT FIRST_NAME , HIRE_DATE
  2  FROM EMPLOYEES
  3  WHERE HIRE_DATE < (SELECT HIRE_DATE FROM EMPLOYEES WHERE LAST_NAME = 'Hartstein');

FIRST_NAME HIRE_DATE                                                                                                                                                                                    
---------- ---------                                                                                                                                                                                    
Steven     17-JUL-87                                                                                                                                                                                    
Neena      21-SEP-89                                                                                                                                                                                    
Lex        13-JAN-93                                                                                                                                                                                    
Alexander  03-JAN-90                                                                                                                                                                                    
Bruce      21-MAY-91                                                                                                                                                                                    
Trenna     17-OCT-95                                                                                                                                                                                    
Jennifer   17-SEP-87                                                                                                                                                                                    
Shelley    07-JUN-94                                                                                                                                                                                    
William    07-JUN-94                                                                                                                                                                                    

9 rows selected.

SQL> SELECT FIRST_NAME,TO_CHAR(HIRE_DATE,'RR') FROM EMPLOYEES WHERE TO_CHAR(HIRE_DATE,'RR')< (SELECT TO_CHAR(HIRE_DATE,'RR') FROM EMPLOYEES WHERE LAST_NAME='Hartstein');

FIRST_NAME TO                                                                                                                                                                                           
---------- --                                                                                                                                                                                           
Steven     87                                                                                                                                                                                           
Neena      89                                                                                                                                                                                           
Lex        93                                                                                                                                                                                           
Alexander  90                                                                                                                                                                                           
Bruce      91                                                                                                                                                                                           
Trenna     95                                                                                                                                                                                           
Eleni      00                                                                                                                                                                                           
Jennifer   87                                                                                                                                                                                           
Shelley    94                                                                                                                                                                                           
William    94                                                                                                                                                                                           

10 rows selected.

SQL> SELECT FIRST_NAME,TO_CHAR(HIRE_DATE,'RRRR') FROM EMPLOYEES WHERE TO_CHAR(HIRE_DATE,'RRRR')< (SELECT TO_CHAR(HIRE_DATE,'RRRR') FROM EMPLOYEES WHERE LAST_NAME='Hartstein');

FIRST_NAME TO_C                                                                                                                                                                                         
---------- ----                                                                                                                                                                                         
Steven     1987                                                                                                                                                                                         
Neena      1989                                                                                                                                                                                         
Lex        1993                                                                                                                                                                                         
Alexander  1990                                                                                                                                                                                         
Bruce      1991                                                                                                                                                                                         
Trenna     1995                                                                                                                                                                                         
Jennifer   1987                                                                                                                                                                                         
Shelley    1994                                                                                                                                                                                         
William    1994                                                                                                                                                                                         

9 rows selected.

SQL> SELECT * FROM EMPLOYEES;

EMPLOYEE_ID FIRST_NAME LAST_NAME  EMAIL      PHONE_NUMBER         HIRE_DATE JOB_ID         SALARY COMMISSION_PCT MANAGER_ID DEPARTMENT_ID                                                               
----------- ---------- ---------- ---------- -------------------- --------- ---------- ---------- -------------- ---------- -------------                                                               
        100 Steven     King       SKING      515.123.4567         17-JUL-87 AD_PRES         24000                                      90                                                               
        101 Neena      Kochhar    NKOCHHAR   515.123.4568         21-SEP-89 AD_VP           17000                       100            90                                                               
        102 Lex        De Haan    LDEHAAN    515.123.4569         13-JAN-93 AD_VP           17000                       100            90                                                               
        103 Alexander  Hunold     AHUNOLD    590.423.4567         03-JAN-90 IT_PROG          9000                       102            60                                                               
        104 Bruce      Ernst      BERNST     590.423.4568         21-MAY-91 IT_PROG          6000                       103            60                                                               
        107 Diana      Lorentz    DLORENTZ   590.423.5567         07-FEB-99 IT_PROG          4200                       103            60                                                               
        124 Kevin      Mourgos    KMOURGOS   650.123.5234         16-NOV-99 ST_MAN           5800                       100            50                                                               
        141 Trenna     Rajs       TRAJS      650.121.8009         17-OCT-95 ST_CLERK         3500                       124            50                                                               
        142 Curtis     Davies     CDAVIES    650.121.2994         29-JAN-97 ST_CLERK         3100                       124            50                                                               
        143 Randall    Matos      RMATOS     650.121.2874         15-MAR-98 ST_CLERK         2600                       124            50                                                               
        144 Peter      Vargas     PVARGAS    650.121.2004         09-JUL-98 ST_CLERK         2500                       124            50                                                               
        149 Eleni      Zlotkey    EZLOTKEY   011.44.1344.429018   29-JAN-00 SA_MAN          10500             .2        100            80                                                               
        174 Ellen      Abel       EABEL      011.44.1644.429267   11-MAY-96 SA_REP          11000             .3        149            80                                                               
        176 Jonathon   Taylor     JTAYLOR    011.44.1644.429265   24-MAR-98 SA_REP           8600             .3        149            80                                                               
        178 Kimerely   Grant      KGRANT     011.44.1644.429263   24-MAY-99 SA_REP           7000            .15        149                                                                             
        200 Jennifer   Whalen     JWHALEN    515.123.4444         17-SEP-87 AD_ASST          4400                       101            10                                                               
        201 Michael    Hartstein  MHARTSTE   515.123.5555         17-FEB-96 MK_MAN          13000                       100            20                                                               
        202 Pat        Fay        PFAY       603.123.6666         17-AUG-97 MK_REP           6000                       201            20                                                               
        205 Shelley    Higgins    SHIGGINS   515.123.8080         07-JUN-94 AC_MGR          12000                       101           110                                                               
        206 William    Gietz      WGIETZ     515.123.8181         07-JUN-94 AC_ACCOUNT       8300                       205           110                                                               

20 rows selected.

SQL> REM DISPLAY THOSE WHO GETS HIGHER COMMISSION AMOUNT THAN Jonathon
SQL> 
SQL> SELECT E.FIRST_NAME , E.SALARY * E.COMMISSION_PCT
  2  FROM EMPLOYEES E
  3  JOIN EMPLOYEES J ON J.FIRST_NAME = 'Jonathon' AND E.SALARY * E.COMMISSION_PCT > J.SALARY * J.COMMISSION_PCT;

FIRST_NAME E.SALARY*E.COMMISSION_PCT                                                                                                                                                                    
---------- -------------------------                                                                                                                                                                    
Ellen                           3300                                                                                                                                                                    

SQL> SPOOL OFF
